model_id,csv_name,model_label,params,accuracy,pct_profit_mean,pct_profit_median,FPR,correct_arb_neg1,correct_arb_1,correct_arb,precision_neg1,precision_0,precision_1,recall_neg1,recall_0,recall_1,f1_neg1,f1_0,f1_1
cbpro_bitfinex_ltc_usd_rf,cbpro_bitfinex_ltc_usd,rf,{},0.9968465139196846,3.09,3.8,27.70860218091168,242,6660,6902,1.0,0.997034345980612,0.9952181709503886,0.6111111111111112,0.9994054586329264,0.9990999099909992,0.7586206896551725,0.9982184942564996,0.9971552627638868
bitfinex_cbpro_etc_usd_rf,bitfinex_cbpro_etc_usd,rf,{},0.9985943689568514,2.79,1.55,5.4464342837274025,18,418,436,1.0,0.9985677704960724,1.0,0.6923076923076923,1.0,0.9435665914221218,0.8181818181818181,0.9992833720601968,0.9709639953542392
cbpro_bitfinex_eth_usd_rf,cbpro_bitfinex_eth_usd,rf,{},0.9834936214963954,2.5,1.46,4.18635289344911,38,10413,10451,1.0,0.9813447055621088,0.9947458922430265,0.08463251670378619,0.9989839651222936,0.9440616500453308,0.15605749486652976,0.9900857767972392,0.9687412782584428
bitfinex_cbpro_btc_usd_rf_hyper_auto_19_150,bitfinex_cbpro_btc_usd,rf_hyper,"{'max_depth': 19, 'max_features': 'auto', 'n_estimators': 150}",0.9980559349353414,2.14,1.99,4.1233964424275396,27091,368,27459,0.9997785732737942,0.9971751412429378,1.0,0.997679899830596,0.9998881890350714,0.8052516411378556,0.9987281340436122,0.998529822275984,0.8921212121212122
cbpro_gemini_bch_btc_rf_hyper_auto_40_150,cbpro_gemini_bch_btc,rf_hyper,"{'max_depth': 40, 'max_features': 'auto', 'n_estimators': 150}",0.9769266266728196,1.57,1.21,4.040703809222328,224,435,659,1.0,0.96684350132626,1.0,0.9032258064516128,1.0,0.9436008676789588,0.9491525423728812,0.9831422791638572,0.9709821428571428
cbpro_bitfinex_ltc_usd_rf_hyper_auto_25_100,cbpro_bitfinex_ltc_usd,rf_hyper,"{'max_depth': 25, 'max_features': 'auto', 'n_estimators': 100}",0.9988010183132134,3.07,3.76,inf,331,6666,6997,1.0,0.9987936154417224,0.9988013185495954,0.8358585858585859,0.9998513646582315,1.0,0.9105914718019256,0.999322210151992,0.999400299850075
bitfinex_cbpro_etc_usd_rf_hyper_auto_25_150,bitfinex_cbpro_etc_usd,rf_hyper,"{'max_depth': 25, 'max_features': 'auto', 'n_estimators': 150}",0.9991906972781872,2.71,1.48,6.017492466388503,22,428,450,1.0,0.9991748816606593,1.0,0.8461538461538461,1.0,0.9661399548532731,0.9166666666666666,0.9995872705550126,0.9827784156142365
